Date,Source,Words,Document Frequency
2018-01,The New York Times,trump,10
2018-01,The New York Times,new,8
2018-01,The New York Times,president,6
2018-01,The New York Times,trump administration,5
2018-01,The New York Times,administration,5
2018-01,The New York Times,energy,4
2018-01,The New York Times,federal,4
2018-01,The New York Times,president trump,3
2018-01,The New York Times,water,3
2018-01,The New York Times,blow,3
2018-01,The New York Times,proposal,3
2018-01,The New York Times,states,3
2018-01,The New York Times,scientists,3
2018-01,The New York Times,researchers,3
2018-01,The New York Times,caused,3
2018-01,Fox News,ap,3
2018-01,Fox News,trump,2
2018-01,Fox News,country,2
2018-01,Fox News,scientific,2
2018-01,Fox News,coming,2
2018-01,Fox News,administration,1
2018-01,Fox News,polar bears,1
2018-01,Fox News,polar,1
2018-01,Fox News,paying new firstofitskind,1
2018-01,Fox News,paying new,1
2018-01,Fox News,paying,1
2018-01,Fox News,pan thought,1
2018-01,Fox News,pan,1
2018-01,Fox News,palm beach fla,1
2018-01,Fox News,president,1
2018-02,The New York Times,new,5
2018-02,The New York Times,standards,4
2018-02,The New York Times,water,4
2018-02,The New York Times,states,4
2018-02,The New York Times,united states,3
2018-02,The New York Times,united,3
2018-02,The New York Times,trump,3
2018-02,The New York Times,state,3
2018-02,The New York Times,legislature,2
2018-02,The New York Times,food,2
2018-02,The New York Times,set,2
2018-02,The New York Times,life,2
2018-02,The New York Times,drawn,2
2018-02,The New York Times,drawn criticism,2
2018-02,The New York Times,long,2
2018-02,Fox News,paris,3
2018-02,Fox News,agreement,3
2018-02,Fox News,paris agreement,3
2018-02,Fox News,new,3
2018-02,Fox News,world,3
2018-02,Fox News,trump,2
2018-02,Fox News,great,2
2018-02,Fox News,ice,2
2018-02,Fox News,president trump decision,1
2018-02,Fox News,projects,1
2018-02,Fox News,quartz reports,1
2018-02,Fox News,political independence,1
2018-02,Fox News,quartz,1
2018-02,Fox News,proposed,1
2018-02,Fox News,projects area decimated,1
2018-03,The New York Times,new,8
2018-03,The New York Times,administration,4
2018-03,The New York Times,trump,4
2018-03,The New York Times,york,3
2018-03,The New York Times,trump administration,3
2018-03,The New York Times,general,3
2018-03,The New York Times,new york,3
2018-03,The New York Times,europe,2
2018-03,The New York Times,just,2
2018-03,The New York Times,mr pruitt,2
2018-03,The New York Times,ban,2
2018-03,The New York Times,mr,2
2018-03,The New York Times,science,2
2018-03,The New York Times,forward,2
2018-03,The New York Times,weaken,2
2018-03,Fox News,new,3
2018-03,Fox News,sea,2
2018-03,Fox News,sea level,2
2018-03,Fox News,world,2
2018-03,Fox News,level,2
2018-03,Fox News,adjusted,1
2018-03,Fox News,poop determined,1
2018-03,Fox News,poop,1
2018-03,Fox News,point life mars,1
2018-03,Fox News,point life,1
2018-03,Fox News,pope,1
2018-03,Fox News,point,1
2018-03,Fox News,perverse attitudes,1
2018-03,Fox News,perverse,1
2018-03,Fox News,packing poop determined,1
2018-04,The New York Times,epa,10
2018-04,The New York Times,pruitt,9
2018-04,The New York Times,agency,9
2018-04,The New York Times,chief,8
2018-04,The New York Times,spending,6
2018-04,The New York Times,epa chief,6
2018-04,The New York Times,new,5
2018-04,The New York Times,scott,5
2018-04,The New York Times,scott pruitt,5
2018-04,The New York Times,travel,4
2018-04,The New York Times,protection,4
2018-04,The New York Times,protection agency,4
2018-04,The New York Times,ethics,4
2018-04,The New York Times,security,3
2018-04,The New York Times,mr,3
2018-04,Fox News,california,2
2018-04,Fox News,activist,1
2018-04,Fox News,sheet vast field,1
2018-04,Fox News,seattle,1
2018-04,Fox News,seattle sentenced,1
2018-04,Fox News,seattle sentenced serve,1
2018-04,Fox News,sentenced,1
2018-04,Fox News,sentenced serve,1
2018-04,Fox News,sentenced serve prison,1
2018-04,Fox News,serve,1
2018-04,Fox News,serve prison,1
2018-04,Fox News,serve prison targeting,1
2018-04,Fox News,sheet,1
2018-04,Fox News,sheet vast,1
2018-04,Fox News,size,1
2018-05,The New York Times,epa,9
2018-05,The New York Times,chief,6
2018-05,The New York Times,epa chief,5
2018-05,The New York Times,new,4
2018-05,The New York Times,administration,3
2018-05,The New York Times,questions,3
2018-05,The New York Times,auto,3
2018-05,The New York Times,president,3
2018-05,The New York Times,pruitt,3
2018-05,The New York Times,emissions,3
2018-05,The New York Times,rollback,3
2018-05,The New York Times,security,3
2018-05,The New York Times,trump,3
2018-05,The New York Times,mr,3
2018-05,The New York Times,fuel,2
2018-05,Fox News,new,3
2018-05,Fox News,northeast,2
2018-05,Fox News,geneediting,2
2018-05,Fox News,power,1
2018-05,Fox News,power virtual,1
2018-05,Fox News,power virtual currency,1
2018-05,Fox News,powerful,1
2018-05,Fox News,powerful thunderstorms,1
2018-05,Fox News,powerful thunderstorms left,1
2018-05,Fox News,reportedly tore parts,1
2018-05,Fox News,problem,1
2018-05,Fox News,relied,1
2018-05,Fox News,relied adjusted,1
2018-05,Fox News,relied adjusted upward,1
2018-05,Fox News,reportedly,1
2018-06,The New York Times,epa,5
2018-06,The New York Times,new,5
2018-06,The New York Times,agency,4
2018-06,The New York Times,scott pruitt,4
2018-06,The New York Times,president,4
2018-06,The New York Times,trump,4
2018-06,The New York Times,pruitt,4
2018-06,The New York Times,scott,4
2018-06,The New York Times,ice,3
2018-06,The New York Times,temperatures,3
2018-06,The New York Times,researchers,3
2018-06,The New York Times,chief,3
2018-06,The New York Times,administrator,3
2018-06,The New York Times,companies,3
2018-06,The New York Times,world,3
2018-06,Fox News,ice,3
2018-06,Fox News,new,3
2018-06,Fox News,antarctica,3
2018-06,Fox News,humans,2
2018-06,Fox News,administrator,2
2018-06,Fox News,years,2
2018-06,Fox News,nasa,2
2018-06,Fox News,summer,2
2018-06,Fox News,rising,2
2018-06,Fox News,worlds,2
2018-06,Fox News,major,2
2018-06,Fox News,california,2
2018-06,Fox News,world,2
2018-06,Fox News,state,2
2018-06,Fox News,rapidly,1
2018-07,The New York Times,epa,6
2018-07,The New York Times,wheeler,4
2018-07,The New York Times,pruitt,4
2018-07,The New York Times,acting,3
2018-07,The New York Times,pollution,3
2018-07,The New York Times,species,3
2018-07,The New York Times,andrew wheeler,3
2018-07,The New York Times,andrew,3
2018-07,The New York Times,agency,3
2018-07,The New York Times,regulatory,3
2018-07,The New York Times,amid,3
2018-07,The New York Times,levels,3
2018-07,The New York Times,making,3
2018-07,The New York Times,rising,3
2018-07,The New York Times,team,2
2018-07,Fox News,scientists,3
2018-07,Fox News,new,3
2018-07,Fox News,iceberg,3
2018-07,Fox News,world,3
2018-07,Fox News,greenland,3
2018-07,Fox News,big,2
2018-07,Fox News,greenland village,2
2018-07,Fox News,gas,2
2018-07,Fox News,island,2
2018-07,Fox News,residents,2
2018-07,Fox News,glacier,2
2018-07,Fox News,village,2
2018-07,Fox News,punish,1
2018-07,Fox News,promise demonstrated world,1
2018-07,Fox News,president trump boldly,1
2018-08,The New York Times,proposal,6
2018-08,The New York Times,pollution,5
2018-08,The New York Times,trump,5
2018-08,The New York Times,plants,5
2018-08,The New York Times,rules,5
2018-08,The New York Times,administration,4
2018-08,The New York Times,scientists,4
2018-08,The New York Times,president,4
2018-08,The New York Times,years,3
2018-08,The New York Times,temperatures,3
2018-08,The New York Times,coal,3
2018-08,The New York Times,new,3
2018-08,The New York Times,states,3
2018-08,The New York Times,newsletter,3
2018-08,The New York Times,coal plants,3
2018-08,Fox News,earths,3
2018-08,Fox News,arctic,3
2018-08,Fox News,leading,2
2018-08,Fox News,changing,2
2018-08,Fox News,frozen,2
2018-08,Fox News,state,2
2018-08,Fox News,california,2
2018-08,Fox News,gas,2
2018-08,Fox News,carbon,2
2018-08,Fox News,greenhouse,2
2018-08,Fox News,greenhouse gas,2
2018-08,Fox News,ice,2
2018-08,Fox News,atmosphere,2
2018-08,Fox News,say,2
2018-08,Fox News,vast,2
2018-09,The New York Times,new,6
2018-09,The New York Times,rules,5
2018-09,The New York Times,storm,3
2018-09,The New York Times,state,3
2018-09,The New York Times,companies,3
2018-09,The New York Times,major,3
2018-09,The New York Times,leaders,3
2018-09,The New York Times,plastic,3
2018-09,The New York Times,administration,3
2018-09,The New York Times,pollution,2
2018-09,The New York Times,trump administration,2
2018-09,The New York Times,experts say,2
2018-09,The New York Times,oil,2
2018-09,The New York Times,conditions,2
2018-09,The New York Times,pruitt,2
2018-09,Fox News,carolinas,4
2018-09,Fox News,florence,4
2018-09,Fox News,new,4
2018-09,Fox News,wildfires,4
2018-09,Fox News,state,4
2018-09,Fox News,power,4
2018-09,Fox News,storm,4
2018-09,Fox News,california,3
2018-09,Fox News,paris,3
2018-09,Fox News,emissions,3
2018-09,Fox News,vulnerable,3
2018-09,Fox News,hurricane,3
2018-09,Fox News,trump,3
2018-09,Fox News,coast,3
2018-09,Fox News,hurricane florence,3
2018-10,The New York Times,new,9
2018-10,The New York Times,states,5
2018-10,The New York Times,storm,3
2018-10,The New York Times,set,3
2018-10,The New York Times,tax,3
2018-10,The New York Times,months,3
2018-10,The New York Times,news,3
2018-10,The New York Times,emissions,3
2018-10,The New York Times,interior,3
2018-10,The New York Times,carbon,3
2018-10,The New York Times,animal,3
2018-10,The New York Times,scientists,3
2018-10,The New York Times,say,3
2018-10,The New York Times,animals,2
2018-10,The New York Times,scientists say,2
2018-10,Fox News,new,4
2018-10,Fox News,ice,3
2018-10,Fox News,hurricane florence,3
2018-10,Fox News,hurricane,3
2018-10,Fox News,florence,3
2018-10,Fox News,north,2
2018-10,Fox News,coast,2
2018-10,Fox News,scientists,2
2018-10,Fox News,potentially,2
2018-10,Fox News,devastating,2
2018-10,Fox News,extreme,2
2018-10,Fox News,carolina,2
2018-10,Fox News,ross ice shelf,1
2018-10,Fox News,ross ice,1
2018-10,Fox News,rivers ice carry,1
2018-11,The New York Times,world,5
2018-11,The New York Times,states,5
2018-11,The New York Times,president,4
2018-11,The New York Times,united,4
2018-11,The New York Times,new,3
2018-11,The New York Times,united states,3
2018-11,The New York Times,energy,3
2018-11,The New York Times,carbon,3
2018-11,The New York Times,researchers,3
2018-11,The New York Times,trump,3
2018-11,The New York Times,administration,2
2018-11,The New York Times,thats,2
2018-11,The New York Times,california,2
2018-11,The New York Times,chemical,2
2018-11,The New York Times,coal,2
2018-11,Fox News,years,4
2018-11,Fox News,hurricane,3
2018-11,Fox News,waters,3
2018-11,Fox News,new,3
2018-11,Fox News,warmer,2
2018-11,Fox News,nations,2
2018-11,Fox News,say,2
2018-11,Fox News,warmer waters,2
2018-11,Fox News,insects,2
2018-11,Fox News,rainiest,1
2018-11,Fox News,rainforest scientists say,1
2018-11,Fox News,rainforest scientists,1
2018-11,Fox News,rainforest,1
2018-11,Fox News,rainfall meteorologist calculated,1
2018-11,Fox News,rainfall meteorologist,1
2018-12,The New York Times,united states,4
2018-12,The New York Times,administration,4
2018-12,The New York Times,states,4
2018-12,The New York Times,united,4
2018-12,The New York Times,new,4
2018-12,The New York Times,drilling,4
2018-12,The New York Times,track,3
2018-12,The New York Times,rules,3
2018-12,The New York Times,make,3
2018-12,The New York Times,arctic,3
2018-12,The New York Times,barrier,2
2018-12,The New York Times,scientists,2
2018-12,The New York Times,set,2
2018-12,The New York Times,waste,2
2018-12,The New York Times,slow,2
2018-12,Fox News,president,3
2018-12,Fox News,nature,3
2018-12,Fox News,new,3
2018-12,Fox News,major,2
2018-12,Fox News,californias,2
2018-12,Fox News,trump,2
2018-12,Fox News,got,2
2018-12,Fox News,winter,2
2018-12,Fox News,house,2
2018-12,Fox News,researchers,2
2018-12,Fox News,years,2
2018-12,Fox News,humans,2
2018-12,Fox News,water,2
2018-12,Fox News,scientists,2
2018-12,Fox News,pose danger health,1
2019-01,The New York Times,carbon,3
2019-01,The New York Times,years,3
2019-01,The New York Times,water,3
2019-01,The New York Times,new,3
2019-01,The New York Times,emissions,3
2019-01,The New York Times,important,3
2019-01,The New York Times,panel,2
2019-01,The New York Times,shutdown,2
2019-01,The New York Times,plants,2
2019-01,The New York Times,huge,2
2019-01,The New York Times,trump,2
2019-01,The New York Times,animals,2
2019-01,The New York Times,implications,2
2019-01,The New York Times,key,2
2019-01,The New York Times,government,2
2019-01,Fox News,new,5
2019-01,Fox News,ice,2
2019-01,Fox News,years,2
2019-01,Fox News,including,2
2019-01,Fox News,cause,2
2019-01,Fox News,oceans,2
2019-01,Fox News,humans,2
2019-01,Fox News,actually,1
2019-01,Fox News,oceans years equivalent,1
2019-01,Fox News,parts experienced,1
2019-01,Fox News,parts,1
2019-01,Fox News,opinion,1
2019-01,Fox News,official winter doesnt,1
2019-01,Fox News,official winter,1
2019-01,Fox News,official,1
2019-02,The New York Times,new,6
2019-02,The New York Times,years,4
2019-02,The New York Times,house,3
2019-02,The New York Times,green new deal,3
2019-02,The New York Times,green new,3
2019-02,The New York Times,green,3
2019-02,The New York Times,deal,3
2019-02,The New York Times,president,3
2019-02,The New York Times,new deal,3
2019-02,The New York Times,president trump,2
2019-02,The New York Times,land,2
2019-02,The New York Times,plans,2
2019-02,The New York Times,protections,2
2019-02,The New York Times,fish,2
2019-02,The New York Times,science,2
2019-02,Fox News,new,8
2019-02,Fox News,deal,4
2019-02,Fox News,new deal,4
2019-02,Fox News,green,4
2019-02,Fox News,green new,4
2019-02,Fox News,green new deal,4
2019-02,Fox News,nasa,3
2019-02,Fox News,years,3
2019-02,Fox News,extreme,2
2019-02,Fox News,twothirds,2
2019-02,Fox News,emissions,2
2019-02,Fox News,scientists,2
2019-02,Fox News,polar vortex reminds,1
2019-02,Fox News,polar,1
2019-02,Fox News,polar vortex,1
2019-03,The New York Times,green,3
2019-03,The New York Times,species,3
2019-03,The New York Times,say,3
2019-03,The New York Times,water,3
2019-03,The New York Times,scientists,3
2019-03,The New York Times,acres,2
2019-03,The New York Times,drilling,2
2019-03,The New York Times,broad,2
2019-03,The New York Times,weather,2
2019-03,The New York Times,green new deal,2
2019-03,The New York Times,mr,2
2019-03,The New York Times,commercial,2
2019-03,The New York Times,land,2
2019-03,The New York Times,seen,2
2019-03,The New York Times,costa,2
2019-03,Fox News,new,5
2019-03,Fox News,founder,3
2019-03,Fox News,strike,3
2019-03,Fox News,ice,3
2019-03,Fox News,warned,3
2019-03,Fox News,movement,3
2019-03,Fox News,birth,3
2019-03,Fox News,birth strike,3
2019-03,Fox News,civilization,3
2019-03,Fox News,trigger civilization breakdown,2
2019-03,Fox News,trigger civilization,2
2019-03,Fox News,trigger,2
2019-03,Fox News,left,2
2019-03,Fox News,increase,2
2019-03,Fox News,breakdown founder socalled,2
2019-04,The New York Times,new,6
2019-04,The New York Times,trump,4
2019-04,The New York Times,species,4
2019-04,The New York Times,ocean,3
2019-04,The New York Times,methane,2
2019-04,The New York Times,weather,2
2019-04,The New York Times,habitats,2
2019-04,The New York Times,scientists,2
2019-04,The New York Times,looking,2
2019-04,The New York Times,air,2
2019-04,The New York Times,increasingly,2
2019-04,The New York Times,orbiter,2
2019-04,The New York Times,expected,2
2019-04,The New York Times,refuge,2
2019-04,The New York Times,trees,2
2019-04,Fox News,new,12
2019-04,Fox News,rep,5
2019-04,Fox News,ocasiocortez,5
2019-04,Fox News,melting,5
2019-04,Fox News,alexandria ocasiocortez,5
2019-04,Fox News,ice,5
2019-04,Fox News,alexandria,5
2019-04,Fox News,green new deal,4
2019-04,Fox News,green,4
2019-04,Fox News,alexandria ocasiocortez dny,4
2019-04,Fox News,years,4
2019-04,Fox News,ocasiocortez dny,4
2019-04,Fox News,green new,4
2019-04,Fox News,world,4
2019-04,Fox News,new deal,4
2019-05,The New York Times,new,9
2019-05,The New York Times,companies,5
2019-05,The New York Times,arctic,3
2019-05,The New York Times,agency,3
2019-05,The New York Times,australia,3
2019-05,The New York Times,china,3
2019-05,The New York Times,drought,3
2019-05,The New York Times,united,3
2019-05,The New York Times,researchers,2
2019-05,The New York Times,patterns,2
2019-05,The New York Times,new ways,2
2019-05,The New York Times,countries,2
2019-05,The New York Times,nations,2
2019-05,The New York Times,hurricanes,2
2019-05,The New York Times,ways,2
2019-05,Fox News,democratic,4
2019-05,Fox News,joe biden,3
2019-05,Fox News,spend,3
2019-05,Fox News,alexandria ocasiocortez,3
2019-05,Fox News,alexandria,3
2019-05,Fox News,joe,3
2019-05,Fox News,jesse watters,3
2019-05,Fox News,jesse,3
2019-05,Fox News,biden,3
2019-05,Fox News,trillion,3
2019-05,Fox News,years,3
2019-05,Fox News,rep alexandria ocasiocortez,3
2019-05,Fox News,watters,3
2019-05,Fox News,ocasiocortez,3
2019-05,Fox News,rep,3
2019-06,The New York Times,new,7
2019-06,The New York Times,gas,4
2019-06,The New York Times,natural gas,3
2019-06,The New York Times,years,3
2019-06,The New York Times,coal,3
2019-06,The New York Times,natural,3
2019-06,The New York Times,risks,3
2019-06,The New York Times,trump,3
2019-06,The New York Times,scientists,3
2019-06,The New York Times,curiosity,2
2019-06,The New York Times,states,2
2019-06,The New York Times,facing,2
2019-06,The New York Times,additional,2
2019-06,The New York Times,world,2
2019-06,The New York Times,melting,2
2019-06,Fox News,new,8
2019-06,Fox News,rep alexandria,6
2019-06,Fox News,ocasiocortez,6
2019-06,Fox News,rep,6
2019-06,Fox News,rep alexandria ocasiocortez,6
2019-06,Fox News,alexandria ocasiocortez,6
2019-06,Fox News,alexandria,6
2019-06,Fox News,joe,5
2019-06,Fox News,democrats,4
2019-06,Fox News,new deal,4
2019-06,Fox News,alexandria ocasiocortez dny,4
2019-06,Fox News,weather,4
2019-06,Fox News,ocasiocortez dny,4
2019-06,Fox News,deal,4
2019-06,Fox News,state,4
2019-07,The New York Times,new,6
2019-07,The New York Times,states,5
2019-07,The New York Times,years,4
2019-07,The New York Times,rules,4
2019-07,The New York Times,united,4
2019-07,The New York Times,homes,4
2019-07,The New York Times,disasters,3
2019-07,The New York Times,june,3
2019-07,The New York Times,trees,3
2019-07,The New York Times,agency,3
2019-07,The New York Times,scientists,3
2019-07,The New York Times,say,3
2019-07,The New York Times,government,3
2019-07,The New York Times,united states,3
2019-07,The New York Times,historic,3
2019-07,Fox News,new,4
2019-07,Fox News,president,3
2019-07,Fox News,democratic,3
2019-07,Fox News,oregon,2
2019-07,Fox News,democrat,2
2019-07,Fox News,new york,2
2019-07,Fox News,rise,2
2019-07,Fox News,democratic presidential,2
2019-07,Fox News,presidential,2
2019-07,Fox News,city,2
2019-07,Fox News,republican,2
2019-07,Fox News,york,2
2019-07,Fox News,sen,2
2019-07,Fox News,rep alexandria,1
2019-07,Fox News,rep alexandria ocasiocortez,1
2019-08,The New York Times,new,6
2019-08,The New York Times,researchers,6
2019-08,The New York Times,united,3
2019-08,The New York Times,growing,3
2019-08,The New York Times,say,3
2019-08,The New York Times,previous recordholder july,2
2019-08,The New York Times,land,2
2019-08,The New York Times,previous recordholder,2
2019-08,The New York Times,previous,2
2019-08,The New York Times,species,2
2019-08,The New York Times,gas,2
2019-08,The New York Times,scientists,2
2019-08,The New York Times,nations,2
2019-08,The New York Times,food production,2
2019-08,The New York Times,sail,2
2019-08,Fox News,new,11
2019-08,Fox News,presidential,5
2019-08,Fox News,democratic,4
2019-08,Fox News,president,4
2019-08,Fox News,sen,4
2019-08,Fox News,news,3
2019-08,Fox News,private,3
2019-08,Fox News,perry,3
2019-08,Fox News,prince,3
2019-08,Fox News,emissions,3
2019-08,Fox News,al,3
2019-08,Fox News,worlds,3
2019-08,Fox News,world,3
2019-08,Fox News,candidate,3
2019-08,Fox News,democratic presidential,3
2019-09,The New York Times,california,6
2019-09,The New York Times,new,5
2019-09,The New York Times,agency,5
2019-09,The New York Times,states,5
2019-09,The New York Times,trump,5
2019-09,The New York Times,administration,5
2019-09,The New York Times,rules,4
2019-09,The New York Times,leaders,4
2019-09,The New York Times,united,4
2019-09,The New York Times,saying,3
2019-09,The New York Times,expected,3
2019-09,The New York Times,world,3
2019-09,The New York Times,trump administration,3
2019-09,The New York Times,dorian,3
2019-09,The New York Times,set,3
2019-09,Fox News,democratic,11
2019-09,Fox News,new,9
2019-09,Fox News,town,9
2019-09,Fox News,hall,8
2019-09,Fox News,cnn,8
2019-09,Fox News,town hall,8
2019-09,Fox News,world,7
2019-09,Fox News,democratic presidential,6
2019-09,Fox News,marathon,6
2019-09,Fox News,city,6
2019-09,Fox News,presidential,6
2019-09,Fox News,president,6
2019-09,Fox News,candidates,5
2019-09,Fox News,joe,5
2019-09,Fox News,democrats,5
2019-10,The New York Times,trump,10
2019-10,The New York Times,administration,7
2019-10,The New York Times,california,6
2019-10,The New York Times,new,6
2019-10,The New York Times,president,5
2019-10,The New York Times,trump administration,5
2019-10,The New York Times,president trump,4
2019-10,The New York Times,exxon,4
2019-10,The New York Times,state,3
2019-10,The New York Times,island,3
2019-10,The New York Times,water,3
2019-10,The New York Times,years,3
2019-10,The New York Times,habitat,3
2019-10,The New York Times,emissions,3
2019-10,The New York Times,financial,3
2019-10,Fox News,new,8
2019-10,Fox News,extinction,5
2019-10,Fox News,scientists,4
2019-10,Fox News,ice,4
2019-10,Fox News,extinction rebellion,4
2019-10,Fox News,world,4
2019-10,Fox News,rebellion,4
2019-10,Fox News,reaction,3
2019-10,Fox News,washington,3
2019-10,Fox News,protest,3
2019-10,Fox News,activist,3
2019-10,Fox News,antarctica,3
2019-10,Fox News,activists,3
2019-10,Fox News,arrested,3
2019-10,Fox News,nations,2
2019-11,The New York Times,scientists,9
2019-11,The New York Times,new,7
2019-11,The New York Times,united,4
2019-11,The New York Times,emissions,3
2019-11,The New York Times,nations,3
2019-11,The New York Times,researchers,3
2019-11,The New York Times,united nations,3
2019-11,The New York Times,california,2
2019-11,The New York Times,arctic,2
2019-11,The New York Times,land,2
2019-11,The New York Times,united states,2
2019-11,The New York Times,international,2
2019-11,The New York Times,trump,2
2019-11,The New York Times,toxic,2
2019-11,The New York Times,health,2
2019-11,Fox News,greta,7
2019-11,Fox News,activist,7
2019-11,Fox News,greta thunberg,7
2019-11,Fox News,thunberg,7
2019-11,Fox News,activist greta thunberg,7
2019-11,Fox News,activist greta,7
2019-11,Fox News,new,7
2019-11,Fox News,state,6
2019-11,Fox News,trump,6
2019-11,Fox News,president,5
2019-11,Fox News,california,5
2019-11,Fox News,jane,4
2019-11,Fox News,ice,3
2019-11,Fox News,newly,3
2019-11,Fox News,newly released,3
2019-12,The New York Times,new,5
2019-12,The New York Times,world,4
2019-12,The New York Times,states,3
2019-12,The New York Times,scientists,3
2019-12,The New York Times,greenhouse gas,3
2019-12,The New York Times,greenhouse,3
2019-12,The New York Times,emissions,3
2019-12,The New York Times,energy,3
2019-12,The New York Times,gas,3
2019-12,The New York Times,meeting,2
2019-12,The New York Times,space,2
2019-12,The New York Times,methane,2
2019-12,The New York Times,cost,2
2019-12,The New York Times,ocean,2
2019-12,The New York Times,broke,2
2019-12,Fox News,new,7
2019-12,Fox News,years,5
2019-12,Fox News,trump,4
2019-12,Fox News,researchers,3
2019-12,Fox News,order,3
2019-12,Fox News,ice,3
2019-12,Fox News,thunberg,3
2019-12,Fox News,greta thunberg,3
2019-12,Fox News,president,3
2019-12,Fox News,greta,3
2019-12,Fox News,arctic,3
2019-12,Fox News,seen,3
2019-12,Fox News,activist greta thunberg,3
2019-12,Fox News,activist greta,3
2019-12,Fox News,activist,3
2020-01,The New York Times,new,5
2020-01,The New York Times,world,4
2020-01,The New York Times,forum,4
2020-01,The New York Times,administration,4
2020-01,The New York Times,scientists,3
2020-01,The New York Times,activist,3
2020-01,The New York Times,economic,3
2020-01,The New York Times,economic forum,3
2020-01,The New York Times,trump,3
2020-01,The New York Times,trump administration,2
2020-01,The New York Times,sea,2
2020-01,The New York Times,davos,2
2020-01,The New York Times,thunberg,2
2020-01,The New York Times,projects,2
2020-01,The New York Times,fossil,2
2020-01,Fox News,thunberg,6
2020-01,Fox News,greta thunberg,6
2020-01,Fox News,greta,6
2020-01,Fox News,world,5
2020-01,Fox News,economic,5
2020-01,Fox News,activist,5
2020-01,Fox News,world economic,4
2020-01,Fox News,world economic forum,4
2020-01,Fox News,president,4
2020-01,Fox News,switzerland,4
2020-01,Fox News,years,4
2020-01,Fox News,new,4
2020-01,Fox News,economic forum,4
2020-01,Fox News,forum,4
2020-01,Fox News,activists,3
2020-02,The New York Times,new,6
2020-02,The New York Times,make,3
2020-02,The New York Times,trump,3
2020-02,The New York Times,fuel,3
2020-02,The New York Times,president,3
2020-02,The New York Times,gas,2
2020-02,The New York Times,exactly,2
2020-02,The New York Times,carbon,2
2020-02,The New York Times,polar,2
2020-02,The New York Times,fuel economy,2
2020-02,The New York Times,told,2
2020-02,The New York Times,loss,2
2020-02,The New York Times,released,2
2020-02,The New York Times,reefs,2
2020-02,The New York Times,use,2
2020-02,Fox News,new,7
2020-02,Fox News,democratic,5
2020-02,Fox News,make,3
2020-02,Fox News,world,3
2020-02,Fox News,trumps,3
2020-02,Fox News,degrees,3
2020-02,Fox News,antarctica,3
2020-02,Fox News,new deal,2
2020-02,Fox News,candidates,2
2020-02,Fox News,green,2
2020-02,Fox News,green new,2
2020-02,Fox News,green new deal,2
2020-02,Fox News,candidate,2
2020-02,Fox News,greta,2
2020-02,Fox News,greta thunberg,2
2020-03,The New York Times,new,7
2020-03,The New York Times,coronavirus,5
2020-03,The New York Times,administration,4
2020-03,The New York Times,expedition,3
2020-03,The New York Times,science,3
2020-03,The New York Times,federal,3
2020-03,The New York Times,pollution,3
2020-03,The New York Times,air,3
2020-03,The New York Times,scientists,3
2020-03,The New York Times,using,3
2020-03,The New York Times,mosaic,2
2020-03,The New York Times,emissions,2
2020-03,The New York Times,struck,2
2020-03,The New York Times,spread,2
2020-03,The New York Times,government,2
2020-03,Fox News,new,8
2020-03,Fox News,amazon,3
2020-03,Fox News,years,3
2020-03,Fox News,shocking,2
2020-03,Fox News,antarctica,2
2020-03,Fox News,appeared,2
2020-03,Fox News,losing,2
2020-03,Fox News,temperatures,2
2020-03,Fox News,extreme,2
2020-03,Fox News,worlds,2
2020-03,Fox News,pope,2
2020-03,Fox News,pope francis,2
2020-03,Fox News,worldwide,2
2020-03,Fox News,forests,2
2020-03,Fox News,shocking new,2
2020-04,The New York Times,new,8
2020-04,The New York Times,coronavirus,5
2020-04,The New York Times,species,5
2020-04,The New York Times,world,4
2020-04,The New York Times,covid,4
2020-04,The New York Times,years,4
2020-04,The New York Times,air,3
2020-04,The New York Times,nationwide,3
2020-04,The New York Times,administration,3
2020-04,The New York Times,cities,3
2020-04,The New York Times,pandemic,3
2020-04,The New York Times,say,2
2020-04,The New York Times,federal,2
2020-04,The New York Times,scientists,2
2020-04,The New York Times,australia,2
2020-04,Fox News,new,7
2020-04,Fox News,green new,3
2020-04,Fox News,years,3
2020-04,Fox News,green new deal,3
2020-04,Fox News,arctic,3
2020-04,Fox News,deal,3
2020-04,Fox News,new deal,3
2020-04,Fox News,ozone layer,3
2020-04,Fox News,green,3
2020-04,Fox News,layer,3
2020-04,Fox News,ozone,3
2020-04,Fox News,layer arctic,2
2020-04,Fox News,gnd,2
2020-04,Fox News,ozone layer arctic,2
2020-04,Fox News,claims,2
2020-05,The New York Times,coronavirus,6
2020-05,The New York Times,new,5
2020-05,The New York Times,states,4
2020-05,The New York Times,researchers,4
2020-05,The New York Times,extreme,4
2020-05,The New York Times,say,3
2020-05,The New York Times,world,3
2020-05,The New York Times,pandemic,3
2020-05,The New York Times,decades,3
2020-05,The New York Times,united,3
2020-05,The New York Times,united states,3
2020-05,The New York Times,scientists,3
2020-05,The New York Times,city,2
2020-05,The New York Times,species,2
2020-05,The New York Times,make,2
2020-05,Fox News,new,11
2020-05,Fox News,tropical,3
2020-05,Fox News,absorb,2
2020-05,Fox News,carbon,2
2020-05,Fox News,policies,2
2020-05,Fox News,temperatures,2
2020-05,Fox News,tropical forests losing,2
2020-05,Fox News,heat,2
2020-05,Fox News,carbon dioxide raising,2
2020-05,Fox News,carbon dioxide,2
2020-05,Fox News,university,2
2020-05,Fox News,forests losing capacity,2
2020-05,Fox News,new reporting worlds,2
2020-05,Fox News,capacity absorb carbon,2
2020-05,Fox News,capacity absorb,2
2020-06,The New York Times,new,6
2020-06,The New York Times,temperatures,4
2020-06,The New York Times,pollution,4
2020-06,The New York Times,air,4
2020-06,The New York Times,water,3
2020-06,The New York Times,home,3
2020-06,The New York Times,government,3
2020-06,The New York Times,state,3
2020-06,The New York Times,rules,3
2020-06,The New York Times,expected,3
2020-06,The New York Times,agency,3
2020-06,The New York Times,surface,2
2020-06,The New York Times,just,2
2020-06,The New York Times,regulations,2
2020-06,The New York Times,life,2
2020-06,Fox News,new,7
2020-06,Fox News,heat,3
2020-06,Fox News,activity,2
2020-06,Fox News,storms,2
2020-06,Fox News,exactly deadly storms,2
2020-06,Fox News,exactly deadly,2
2020-06,Fox News,exactly,2
2020-06,Fox News,evidence showing humans,2
2020-06,Fox News,evidence showing,2
2020-06,Fox News,new influencing exactly,2
2020-06,Fox News,economic activity,2
2020-06,Fox News,economic,2
2020-06,Fox News,sri,2
2020-06,Fox News,sri lanka,2
2020-06,Fox News,sri lanka years,2
2020-07,The New York Times,trump,8
2020-07,The New York Times,president,5
2020-07,The New York Times,president trump,5
2020-07,The New York Times,emissions,4
2020-07,The New York Times,regulations,3
2020-07,The New York Times,office,3
2020-07,The New York Times,new,3
2020-07,The New York Times,hit,3
2020-07,The New York Times,high,3
2020-07,The New York Times,scientists,3
2020-07,The New York Times,temperatures,3
2020-07,The New York Times,administration,3
2020-07,The New York Times,government,2
2020-07,The New York Times,trump administration,2
2020-07,The New York Times,trump inaccurate,2
2020-07,Fox News,new,6
2020-07,Fox News,biden,3
2020-07,Fox News,years,3
2020-07,Fox News,joe biden,3
2020-07,Fox News,world,3
2020-07,Fox News,joe,3
2020-07,Fox News,presidential,2
2020-07,Fox News,reports,2
2020-07,Fox News,emissions,2
2020-07,Fox News,dioxide,2
2020-07,Fox News,democrats,2
2020-07,Fox News,carbon dioxide,2
2020-07,Fox News,carbon,2
2020-07,Fox News,heat,2
2020-07,Fox News,president,2
2020-08,The New York Times,scientists,4
2020-08,The New York Times,rules,4
2020-08,The New York Times,communities,3
2020-08,The New York Times,hurricane,3
2020-08,The New York Times,oil,3
2020-08,The New York Times,seals,2
2020-08,The New York Times,hot,2
2020-08,The New York Times,fuels,2
2020-08,The New York Times,decision,2
2020-08,The New York Times,carbon dioxide,2
2020-08,The New York Times,carbon,2
2020-08,The New York Times,dollars,2
2020-08,The New York Times,dioxide,2
2020-08,The New York Times,storms,2
2020-08,The New York Times,california,2
2020-08,Fox News,new,6
2020-08,Fox News,joe,4
2020-08,Fox News,president,4
2020-08,Fox News,trillion,3
2020-08,Fox News,biden,3
2020-08,Fox News,joe biden,3
2020-08,Fox News,nominee,2
2020-08,Fox News,tons,2
2020-08,Fox News,joe biden unveiled,2
2020-08,Fox News,researchers,2
2020-08,Fox News,expected,2
2020-08,Fox News,point,2
2020-08,Fox News,just,2
2020-08,Fox News,vice president,2
2020-08,Fox News,arctic,2
2020-09,The New York Times,new,8
2020-09,The New York Times,experts,6
2020-09,The New York Times,say,5
2020-09,The New York Times,scientists,5
2020-09,The New York Times,president,4
2020-09,The New York Times,state,4
2020-09,The New York Times,world,4
2020-09,The New York Times,california,4
2020-09,The New York Times,water,4
2020-09,The New York Times,areas,3
2020-09,The New York Times,wildfires,3
2020-09,The New York Times,west,3
2020-09,The New York Times,weather,3
2020-09,The New York Times,smoke,3
2020-09,The New York Times,coverage,3
2020-09,Fox News,new,6
2020-09,Fox News,state,6
2020-09,Fox News,democratic,5
2020-09,Fox News,california,5
2020-09,Fox News,wildfires,5
2020-09,Fox News,gov,4
2020-09,Fox News,house,4
2020-09,Fox News,fires,4
2020-09,Fox News,biden,3
2020-09,Fox News,gov gavin,3
2020-09,Fox News,gov gavin newsom,3
2020-09,Fox News,speaker nancy pelosi,3
2020-09,Fox News,infernos,3
2020-09,Fox News,speaker,3
2020-09,Fox News,joe,3
2020-10,The New York Times,new,6
2020-10,The New York Times,water,5
2020-10,The New York Times,scientists,5
2020-10,The New York Times,united states,4
2020-10,The New York Times,world,4
2020-10,The New York Times,states,4
2020-10,The New York Times,united,4
2020-10,The New York Times,oil,3
2020-10,The New York Times,biden,3
2020-10,The New York Times,trump,3
2020-10,The New York Times,home,3
2020-10,The New York Times,researchers,3
2020-10,The New York Times,president,3
2020-10,The New York Times,joe,2
2020-10,The New York Times,european,2
2020-10,Fox News,new,3
2020-10,Fox News,rising,2
2020-10,Fox News,temperatures,2
2020-10,Fox News,joined,2
2020-10,Fox News,wildfires,2
2020-10,Fox News,california,2
2020-10,Fox News,reaction night democratic,1
2020-10,Fox News,reef,1
2020-10,Fox News,reef lost,1
2020-10,Fox News,reaction night,1
2020-10,Fox News,return shrink temperatures,1
2020-10,Fox News,reaction,1
2020-10,Fox News,reef lost years,1
2020-10,Fox News,reef severely,1
2020-10,Fox News,reef severely damaged,1
2020-11,The New York Times,biden,8
2020-11,The New York Times,new,5
2020-11,The New York Times,trump,5
2020-11,The New York Times,president,4
2020-11,The New York Times,joseph,3
2020-11,The New York Times,president trump,3
2020-11,The New York Times,longer,3
2020-11,The New York Times,united states,3
2020-11,The New York Times,united,3
2020-11,The New York Times,storms,3
2020-11,The New York Times,states,3
2020-11,The New York Times,joseph biden,3
2020-11,The New York Times,joseph biden jr,3
2020-11,The New York Times,biden jr,3
2020-11,The New York Times,jr,3
2020-11,Fox News,joe,4
2020-11,Fox News,bidens,2
2020-11,Fox News,joe bidens,2
2020-11,Fox News,new,2
2020-11,Fox News,transition,2
2020-11,Fox News,presidential,2
2020-11,Fox News,vice,2
2020-11,Fox News,vice president,2
2020-11,Fox News,joe biden,2
2020-11,Fox News,president,2
2020-11,Fox News,biden,2
2020-11,Fox News,overtime vice president,1
2020-11,Fox News,overhaul federal agencies,1
2020-11,Fox News,port landed modernday,1
2020-11,Fox News,port landed,1
2020-12,The New York Times,new,8
2020-12,The New York Times,presidentelect,7
2020-12,The New York Times,biden,6
2020-12,The New York Times,joseph,4
2020-12,The New York Times,joseph biden,4
2020-12,The New York Times,team,4
2020-12,The New York Times,administration,4
2020-12,The New York Times,epa,4
2020-12,The New York Times,choice,3
2020-12,The New York Times,joseph biden jr,3
2020-12,The New York Times,companies,3
2020-12,The New York Times,energy,3
2020-12,The New York Times,oil,3
2020-12,The New York Times,health,3
2020-12,The New York Times,major,3
2020-12,Fox News,paris,4
2020-12,Fox News,issues liberal calling,2
2020-12,Fox News,rejoining paris accords,2
2020-12,Fox News,improve america,2
2020-12,Fox News,improve,2
2020-12,Fox News,receiving money,2
2020-12,Fox News,receiving money oil,2
2020-12,Fox News,rejoining,2
2020-12,Fox News,gusher improve america,2
2020-12,Fox News,gusher improve,2
2020-12,Fox News,gusher,2
2020-12,Fox News,getting flak cabinet,2
2020-12,Fox News,getting flak,2
2020-12,Fox News,getting,2
2020-12,Fox News,rejoining paris,2
2021-01,The New York Times,scientists,7
2021-01,The New York Times,president,7
2021-01,The New York Times,biden,7
2021-01,The New York Times,administration,5
2021-01,The New York Times,new,4
2021-01,The New York Times,white,4
2021-01,The New York Times,house,4
2021-01,The New York Times,white house,4
2021-01,The New York Times,companies,3
2021-01,The New York Times,trump administration,3
2021-01,The New York Times,largest,3
2021-01,The New York Times,federal,3
2021-01,The New York Times,got,3
2021-01,The New York Times,trump,3
2021-01,The New York Times,science,3
2021-01,Fox News,biden,9
2021-01,Fox News,president,7
2021-01,Fox News,policies,6
2021-01,Fox News,john kerry,4
2021-01,Fox News,john,4
2021-01,Fox News,fox,4
2021-01,Fox News,envoy,4
2021-01,Fox News,kerry,4
2021-01,Fox News,jobs,4
2021-01,Fox News,rep,4
2021-01,Fox News,administration,4
2021-01,Fox News,orders,3
2021-01,Fox News,fox news,3
2021-01,Fox News,reacts,3
2021-01,Fox News,envoy john kerry,3
2021-02,The New York Times,new,10
2021-02,The New York Times,gas,6
2021-02,The New York Times,emissions,6
2021-02,The New York Times,greenhouse,5
2021-02,The New York Times,gas emissions,4
2021-02,The New York Times,greenhouse gas,4
2021-02,The New York Times,greenhouse gas emissions,4
2021-02,The New York Times,administration,3
2021-02,The New York Times,president,3
2021-02,The New York Times,shift,3
2021-02,The New York Times,power,3
2021-02,The New York Times,efforts,2
2021-02,The New York Times,reduce,2
2021-02,The New York Times,united,2
2021-02,The New York Times,automakers,2
2021-02,Fox News,biden,8
2021-02,Fox News,president,7
2021-02,Fox News,oil,6
2021-02,Fox News,executive,6
2021-02,Fox News,kerry,5
2021-02,Fox News,john kerry,5
2021-02,Fox News,john,5
2021-02,Fox News,private,5
2021-02,Fox News,secretary,5
2021-02,Fox News,administration,4
2021-02,Fox News,new,4
2021-02,Fox News,jet,4
2021-02,Fox News,president biden,4
2021-02,Fox News,private jet,4
2021-02,Fox News,fox,4
2021-03,The New York Times,president,6
2021-03,The New York Times,new,6
2021-03,The New York Times,biden,5
2021-03,The New York Times,democrats,4
2021-03,The New York Times,water,4
2021-03,The New York Times,scientists,3
2021-03,The New York Times,working,3
2021-03,The New York Times,say,3
2021-03,The New York Times,jobs,3
2021-03,The New York Times,agency,3
2021-03,The New York Times,energy,3
2021-03,The New York Times,planetwarming,3
2021-03,The New York Times,years,2
2021-03,The New York Times,political,2
2021-03,The New York Times,carbon,2
2021-03,Fox News,state,4
2021-03,Fox News,power,3
2021-03,Fox News,biden,3
2021-03,Fox News,day,2
2021-03,Fox News,daiichi nuclear power,2
2021-03,Fox News,daiichi nuclear,2
2021-03,Fox News,daiichi,2
2021-03,Fox News,cleaning,2
2021-03,Fox News,day japans,2
2021-03,Fox News,nuclear disaster experts,2
2021-03,Fox News,team,2
2021-03,Fox News,policies,2
2021-03,Fox News,energy,2
2021-03,Fox News,experts,2
2021-03,Fox News,experts say,2
2021-04,The New York Times,president,5
2021-04,The New York Times,greenhouse,4
2021-04,The New York Times,emissions,4
2021-04,The New York Times,administration,4
2021-04,The New York Times,leaders,3
2021-04,The New York Times,meeting,3
2021-04,The New York Times,thousands,3
2021-04,The New York Times,new,3
2021-04,The New York Times,gas,3
2021-04,The New York Times,power,3
2021-04,The New York Times,industry,3
2021-04,The New York Times,digital,3
2021-04,The New York Times,summit,2
2021-04,The New York Times,questions,2
2021-04,The New York Times,gases,2
2021-04,Fox News,president,18
2021-04,Fox News,biden,16
2021-04,Fox News,china,9
2021-04,Fox News,news,8
2021-04,Fox News,administration,8
2021-04,Fox News,biden administration,7
2021-04,Fox News,fox,7
2021-04,Fox News,host,6
2021-04,Fox News,new,6
2021-04,Fox News,fox news,6
2021-04,Fox News,state,5
2021-04,Fox News,issue,5
2021-04,Fox News,american,5
2021-04,Fox News,president biden,5
2021-04,Fox News,bidens,5
2021-05,The New York Times,new,10
2021-05,The New York Times,administration,9
2021-05,The New York Times,biden,6
2021-05,The New York Times,biden administration,6
2021-05,The New York Times,fossil,4
2021-05,The New York Times,years,4
2021-05,The New York Times,energy,3
2021-05,The New York Times,wind,3
2021-05,The New York Times,big,3
2021-05,The New York Times,world,3
2021-05,The New York Times,clean,3
2021-05,The New York Times,scientists,3
2021-05,The New York Times,long,3
2021-05,The New York Times,fuel,3
2021-05,The New York Times,power,3
2021-05,Fox News,biden,9
2021-05,Fox News,president,7
2021-05,Fox News,john,5
2021-05,Fox News,administration,4
2021-05,Fox News,white,4
2021-05,Fox News,white house,3
2021-05,Fox News,house,3
2021-05,Fox News,department,3
2021-05,Fox News,day,3
2021-05,Fox News,biden administration,3
2021-05,Fox News,president biden,3
2021-05,Fox News,john kerry,3
2021-05,Fox News,kerry,3
2021-05,Fox News,state,3
2021-05,Fox News,envoy,3
2021-06,The New York Times,biden,6
2021-06,The New York Times,oil,5
2021-06,The New York Times,new,5
2021-06,The New York Times,administration,4
2021-06,The New York Times,water,4
2021-06,The New York Times,president,3
2021-06,The New York Times,parts,3
2021-06,The New York Times,federal,3
2021-06,The New York Times,president biden,3
2021-06,The New York Times,better,3
2021-06,The New York Times,small,3
2021-06,The New York Times,states,3
2021-06,The New York Times,oil gas,3
2021-06,The New York Times,california,3
2021-06,The New York Times,drought,3
2021-06,Fox News,heat,10
2021-06,Fox News,national,9
2021-06,Fox News,administration,9
2021-06,Fox News,states,7
2021-06,Fox News,atmospheric,6
2021-06,Fox News,biden,6
2021-06,Fox News,nasa,6
2021-06,Fox News,oceanic,6
2021-06,Fox News,oceanic atmospheric,6
2021-06,Fox News,administration noaa,6
2021-06,Fox News,oceanic atmospheric administration,6
2021-06,Fox News,atmospheric administration noaa,6
2021-06,Fox News,atmospheric administration,6
2021-06,Fox News,new,6
2021-06,Fox News,national oceanic,6
2021-07,The New York Times,heat,9
2021-07,The New York Times,extreme,8
2021-07,The New York Times,scientists,7
2021-07,The New York Times,say,6
2021-07,The New York Times,world,5
2021-07,The New York Times,new,5
2021-07,The New York Times,flooding,4
2021-07,The New York Times,weather,4
2021-07,The New York Times,countries,3
2021-07,The New York Times,emissions,3
2021-07,The New York Times,scientists say,3
2021-07,The New York Times,water,3
2021-07,The New York Times,extreme weather,3
2021-07,The New York Times,bears,2
2021-07,The New York Times,electric,2
2021-07,Fox News,biden,9
2021-07,Fox News,historic,7
2021-07,Fox News,drought,7
2021-07,Fox News,western,6
2021-07,Fox News,washington,6
2021-07,Fox News,administration,6
2021-07,Fox News,president,6
2021-07,Fox News,oregon,5
2021-07,Fox News,china,5
2021-07,Fox News,states,5
2021-07,Fox News,wildfires,5
2021-07,Fox News,california,5
2021-07,Fox News,human,5
2021-07,Fox News,burning,5
2021-07,Fox News,president biden,5
2021-08,The New York Times,states,5
2021-08,The New York Times,scientists,5
2021-08,The New York Times,united,4
2021-08,The New York Times,administration,4
2021-08,The New York Times,biden,4
2021-08,The New York Times,major,3
2021-08,The New York Times,impacts,3
2021-08,The New York Times,united states,3
2021-08,The New York Times,experts,3
2021-08,The New York Times,devastating,3
2021-08,The New York Times,storms,3
2021-08,The New York Times,dangers,3
2021-08,The New York Times,president,3
2021-08,The New York Times,devastating impacts,3
2021-08,The New York Times,worse,3
2021-08,Fox News,wildfires,6
2021-08,Fox News,wildfire,6
2021-08,Fox News,weather,5
2021-08,Fox News,flames,5
2021-08,Fox News,california,5
2021-08,Fox News,firefighters,4
2021-08,Fox News,world,4
2021-08,Fox News,western,4
2021-08,Fox News,largest,3
2021-08,Fox News,county,3
2021-08,Fox News,new,3
2021-08,Fox News,states,3
2021-08,Fox News,water,3
2021-08,Fox News,homes,2
2021-08,Fox News,continued,2
2021-09,The New York Times,say,5
2021-09,The New York Times,species,4
2021-09,The New York Times,new,4
2021-09,The New York Times,reduce,3
2021-09,The New York Times,talks,3
2021-09,The New York Times,limits,3
2021-09,The New York Times,world,3
2021-09,The New York Times,worse,3
2021-09,The New York Times,power,3
2021-09,The New York Times,experts say,3
2021-09,The New York Times,experts,3
2021-09,The New York Times,greenhouse,3
2021-09,The New York Times,communities,3
2021-09,The New York Times,health,2
2021-09,The New York Times,congress,2
2021-09,Fox News,new,9
2021-09,Fox News,california,7
2021-09,Fox News,president,6
2021-09,Fox News,wildfires,5
2021-09,Fox News,biden,4
2021-09,Fox News,americans,4
2021-09,Fox News,claimed,4
2021-09,Fox News,states,4
2021-09,Fox News,world,4
2021-09,Fox News,die,4
2021-09,Fox News,firefighters,4
2021-09,Fox News,coronavirus pandemic,3
2021-09,Fox News,hurricane,3
2021-09,Fox News,western,3
2021-09,Fox News,flooding,3
2021-10,The New York Times,new,7
2021-10,The New York Times,president,6
2021-10,The New York Times,world,5
2021-10,The New York Times,dangerous,4
2021-10,The New York Times,coal,4
2021-10,The New York Times,countries,4
2021-10,The New York Times,energy,3
2021-10,The New York Times,including,3
2021-10,The New York Times,projects,3
2021-10,The New York Times,talks,3
2021-10,The New York Times,glasgow,3
2021-10,The New York Times,house,3
2021-10,The New York Times,united,3
2021-10,The New York Times,largest,3
2021-10,The New York Times,clean,3
2021-10,Fox News,president,8
2021-10,Fox News,biden,7
2021-10,Fox News,conference,6
2021-10,Fox News,california,6
2021-10,Fox News,world,5
2021-10,Fox News,new,5
2021-10,Fox News,nations,5
2021-10,Fox News,president biden,5
2021-10,Fox News,activists,5
2021-10,Fox News,officials,4
2021-10,Fox News,activist,4
2021-10,Fox News,federal,4
2021-10,Fox News,white,4
2021-10,Fox News,glasgow,4
2021-10,Fox News,northern,4
2021-11,The New York Times,glasgow,12
2021-11,The New York Times,new,11
2021-11,The New York Times,agreement,10
2021-11,The New York Times,countries,8
2021-11,The New York Times,gas,6
2021-11,The New York Times,scientists,5
2021-11,The New York Times,world,5
2021-11,The New York Times,negotiators,5
2021-11,The New York Times,emissions,5
2021-11,The New York Times,say,4
2021-11,The New York Times,summit,4
2021-11,The New York Times,oil,4
2021-11,The New York Times,talks,4
2021-11,The New York Times,president,4
2021-11,The New York Times,united,4
2021-11,Fox News,president,17
2021-11,Fox News,glasgow,16
2021-11,Fox News,biden,16
2021-11,Fox News,summit,15
2021-11,Fox News,conference,13
2021-11,Fox News,scotland,13
2021-11,Fox News,cop,12
2021-11,Fox News,united,11
2021-11,Fox News,china,9
2021-11,Fox News,president biden,9
2021-11,Fox News,united nations,8
2021-11,Fox News,nations,8
2021-11,Fox News,news,7
2021-11,Fox News,emissions,7
2021-11,Fox News,glasgow scotland,7
2021-12,The New York Times,new,4
2021-12,The New York Times,communities,3
2021-12,The New York Times,scientists,3
2021-12,The New York Times,states,3
2021-12,The New York Times,favor,3
2021-12,The New York Times,energy,3
2021-12,The New York Times,gas,3
2021-12,The New York Times,favor wealthy,2
2021-12,The New York Times,tend,2
2021-12,The New York Times,tend favor,2
2021-12,The New York Times,crisis,2
2021-12,The New York Times,infrastructure,2
2021-12,The New York Times,united,2
2021-12,The New York Times,programs,2
2021-12,The New York Times,united states,2
2021-12,Fox News,line pipeline,3
2021-12,Fox News,biden,3
2021-12,Fox News,line,3
2021-12,Fox News,open,3
2021-12,Fox News,pipeline,3
2021-12,Fox News,pipeline open,3
2021-12,Fox News,emphasize,3
2021-12,Fox News,michigan,2
2021-12,Fox News,new,2
2021-12,Fox News,ohio,2
2021-12,Fox News,president,2
2021-12,Fox News,line pipeline open,2
2021-12,Fox News,walberg michigan bob,1
2021-12,Fox News,walberg michigan,1
2021-12,Fox News,open biden,1
2022-01,The New York Times,researchers,5
2022-01,The New York Times,new,4
2022-01,The New York Times,say,3
2022-01,The New York Times,ice,3
2022-01,The New York Times,effects,3
2022-01,The New York Times,president,3
2022-01,The New York Times,high,3
2022-01,The New York Times,leases,3
2022-01,The New York Times,scientists,3
2022-01,The New York Times,united,2
2022-01,The New York Times,eruptions,2
2022-01,The New York Times,mining,2
2022-01,The New York Times,probably won,2
2022-01,The New York Times,understand,2
2022-01,The New York Times,power,2
2022-01,Fox News,new,5
2022-01,Fox News,biden,3
2022-01,Fox News,country,3
2022-01,Fox News,minister,3
2022-01,Fox News,president,3
2022-01,Fox News,nuclear power plant,2
2022-01,Fox News,closed,2
2022-01,Fox News,flamed los angeles,2
2022-01,Fox News,doing,2
2022-01,Fox News,greenhouse,2
2022-01,Fox News,greenhouse gas,2
2022-01,Fox News,greenhouse gas emissions,2
2022-01,Fox News,flamed los,2
2022-01,Fox News,editorial,2
2022-01,Fox News,combating,2
2022-02,The New York Times,new,10
2022-02,The New York Times,federal,5
2022-02,The New York Times,oil,4
2022-02,The New York Times,president,4
2022-02,The New York Times,started,3
2022-02,The New York Times,scientists,3
2022-02,The New York Times,pollution,3
2022-02,The New York Times,gas,3
2022-02,The New York Times,expected,3
2022-02,The New York Times,biden,3
2022-02,The New York Times,emissions,3
2022-02,The New York Times,major new scientific,2
2022-02,The New York Times,major new,2
2022-02,The New York Times,major,2
2022-02,The New York Times,weddell,2
2022-02,Fox News,national,5
2022-02,Fox News,white,3
2022-02,Fox News,house,3
2022-02,Fox News,issues surrounding,2
2022-02,Fox News,greenhouse gas,2
2022-02,Fox News,greenhouse gas emissions,2
2022-02,Fox News,guard,2
2022-02,Fox News,house national,2
2022-02,Fox News,house national academies,2
2022-02,Fox News,important,2
2022-02,Fox News,aaf founder,2
2022-02,Fox News,important purpose louisiana,2
2022-02,Fox News,including,2
2022-02,Fox News,including establishment,2
2022-02,Fox News,including establishment electric,2
2022-03,The New York Times,new,6
2022-03,The New York Times,gas,5
2022-03,The New York Times,oil,5
2022-03,The New York Times,biden,4
2022-03,The New York Times,scientists,4
2022-03,The New York Times,president,4
2022-03,The New York Times,researchers,4
2022-03,The New York Times,energy,4
2022-03,The New York Times,ukraine,3
2022-03,The New York Times,fossil,3
2022-03,The New York Times,biodiversity,3
2022-03,The New York Times,oil gas,3
2022-03,The New York Times,state,3
2022-03,The New York Times,transition,3
2022-03,The New York Times,government,3
2022-03,Fox News,ukraine,7
2022-03,Fox News,john,5
2022-03,Fox News,john kerry,5
2022-03,Fox News,kerry,5
2022-03,Fox News,scientists,4
2022-03,Fox News,russian,4
2022-03,Fox News,vladimir,4
2022-03,Fox News,vladimir putin,4
2022-03,Fox News,putin,4
2022-03,Fox News,biden,3
2022-03,Fox News,war,3
2022-03,Fox News,energy,3
2022-03,Fox News,crisis,3
2022-03,Fox News,problem,2
2022-03,Fox News,presidential envoy,2
2022-04,The New York Times,new,10
2022-04,The New York Times,emissions,4
2022-04,The New York Times,americans,4
2022-04,The New York Times,gas,4
2022-04,The New York Times,years,4
2022-04,The New York Times,say,4
2022-04,The New York Times,water,3
2022-04,The New York Times,country,3
2022-04,The New York Times,scientists,3
2022-04,The New York Times,service,3
2022-04,The New York Times,prices,3
2022-04,The New York Times,cities,3
2022-04,The New York Times,rising,3
2022-04,The New York Times,weather,3
2022-04,The New York Times,president,3
2022-04,Fox News,president,12
2022-04,Fox News,biden,10
2022-04,Fox News,president biden,9
2022-04,Fox News,new,8
2022-04,Fox News,wildfires,6
2022-04,Fox News,working,5
2022-04,Fox News,evacuations,5
2022-04,Fox News,fox,5
2022-04,Fox News,news,4
2022-04,Fox News,day,4
2022-04,Fox News,forced,4
2022-04,Fox News,crews,4
2022-04,Fox News,agenda,4
2022-04,Fox News,americans,4
2022-04,Fox News,residents,4
2022-05,The New York Times,new,9
2022-05,The New York Times,researchers,5
2022-05,The New York Times,law,3
2022-05,The New York Times,led,3
2022-05,The New York Times,money,3
2022-05,The New York Times,say,3
2022-05,The New York Times,gas,3
2022-05,The New York Times,south,3
2022-05,The New York Times,wildfires,3
2022-05,The New York Times,companies,3
2022-05,The New York Times,battle,2
2022-05,The New York Times,highest,2
2022-05,The New York Times,asia,2
2022-05,The New York Times,states,2
2022-05,The New York Times,oil gas,2
2022-05,Fox News,new,17
2022-05,Fox News,wildfires,14
2022-05,Fox News,mexico,10
2022-05,Fox News,fires,10
2022-05,Fox News,new mexico,10
2022-05,Fox News,conditions,10
2022-05,Fox News,weather,7
2022-05,Fox News,brush,6
2022-05,Fox News,dangerous,6
2022-05,Fox News,grass,6
2022-05,Fox News,crews,6
2022-05,Fox News,continued,6
2022-05,Fox News,president biden,5
2022-05,Fox News,president,5
2022-05,Fox News,biden,5
2022-06,The New York Times,storm,6
2022-06,The New York Times,gas,5
2022-06,The New York Times,make,4
2022-06,The New York Times,scientists,4
2022-06,The New York Times,researchers,4
2022-06,The New York Times,oil,4
2022-06,The New York Times,drilling,3
2022-06,The New York Times,ways,3
2022-06,The New York Times,better,3
2022-06,The New York Times,world,3
2022-06,The New York Times,supreme court,3
2022-06,The New York Times,court,3
2022-06,The New York Times,energy,3
2022-06,The New York Times,supreme,3
2022-06,The New York Times,oil gas,3
2022-06,Fox News,york,5
2022-06,Fox News,new,5
2022-06,Fox News,new york,5
2022-06,Fox News,biden,5
2022-06,Fox News,times,3
2022-06,Fox News,green,3
2022-06,Fox News,hot,3
2022-06,Fox News,air,3
2022-06,Fox News,summer,3
2022-06,Fox News,carbon,3
2022-06,Fox News,york times,3
2022-06,Fox News,new york times,3
2022-06,Fox News,residents,3
2022-06,Fox News,heat,3
2022-06,Fox News,break,2
2022-07,The New York Times,president,7
2022-07,The New York Times,new,6
2022-07,The New York Times,fossil,5
2022-07,The New York Times,say,5
2022-07,The New York Times,energy,5
2022-07,The New York Times,states,4
2022-07,The New York Times,gas,4
2022-07,The New York Times,european,3
2022-07,The New York Times,west,3
2022-07,The New York Times,senator,3
2022-07,The New York Times,virginia,3
2022-07,The New York Times,united states,3
2022-07,The New York Times,fossil fuel,3
2022-07,The New York Times,united,3
2022-07,The New York Times,fuel,3
2022-07,Fox News,news,20
2022-07,Fox News,fox,19
2022-07,Fox News,president,19
2022-07,Fox News,fox news,19
2022-07,Fox News,biden,17
2022-07,Fox News,sen,13
2022-07,Fox News,activists,13
2022-07,Fox News,joe,13
2022-07,Fox News,new,12
2022-07,Fox News,manchin,11
2022-07,Fox News,agenda,11
2022-07,Fox News,president biden,11
2022-07,Fox News,bidens,10
2022-07,Fox News,joe manchin,10
2022-07,Fox News,sen joe,8
2022-08,The New York Times,pollution,4
2022-08,The New York Times,world,4
2022-08,The New York Times,new,3
2022-08,The New York Times,projects,3
2022-08,The New York Times,fossil,3
2022-08,The New York Times,fossil fuel,3
2022-08,The New York Times,scientists,3
2022-08,The New York Times,fuel,3
2022-08,The New York Times,fuel projects,2
2022-08,The New York Times,companies,2
2022-08,The New York Times,gases,2
2022-08,The New York Times,felt,2
2022-08,The New York Times,valley,2
2022-08,The New York Times,deadly,2
2022-08,The New York Times,life,2
2022-08,Fox News,energy,11
2022-08,Fox News,host,10
2022-08,Fox News,fox,9
2022-08,Fox News,green,6
2022-08,Fox News,inflation,6
2022-08,Fox News,inflation reduction,6
2022-08,Fox News,reduction,6
2022-08,Fox News,act,5
2022-08,Fox News,reduction act,5
2022-08,Fox News,inflation reduction act,5
2022-08,Fox News,fox business,5
2022-08,Fox News,fox business host,5
2022-08,Fox News,business,5
2022-08,Fox News,business host,5
2022-08,Fox News,biden,5
2022-09,The New York Times,say,5
2022-09,The New York Times,researchers,5
2022-09,The New York Times,company,4
2022-09,The New York Times,new,4
2022-09,The New York Times,scientists,4
2022-09,The New York Times,water,4
2022-09,The New York Times,energy,3
2022-09,The New York Times,leaders,3
2022-09,The New York Times,storm,3
2022-09,The New York Times,communities,3
2022-09,The New York Times,fuels,3
2022-09,The New York Times,fossil fuels,3
2022-09,The New York Times,fossil,3
2022-09,The New York Times,countries,3
2022-09,The New York Times,homes,3
2022-09,Fox News,fox,9
2022-09,Fox News,state,8
2022-09,Fox News,news,8
2022-09,Fox News,new,7
2022-09,Fox News,california,7
2022-09,Fox News,biden,7
2022-09,Fox News,fox news,7
2022-09,Fox News,electric,6
2022-09,Fox News,discuss,6
2022-09,Fox News,gov,6
2022-09,Fox News,vehicles,5
2022-09,Fox News,electric vehicles,5
2022-09,Fox News,president,4
2022-09,Fox News,ban,4
2022-09,Fox News,reacts,4
2022-10,The New York Times,world,5
2022-10,The New York Times,gas,3
2022-10,The New York Times,new,3
2022-10,The New York Times,big,3
2022-10,The New York Times,scientists,3
2022-10,The New York Times,emissions,3
2022-10,The New York Times,nations,3
2022-10,The New York Times,taking steps,2
2022-10,The New York Times,problems,2
2022-10,The New York Times,pressing problems hunger,2
2022-10,The New York Times,pressing problems,2
2022-10,The New York Times,pressing,2
2022-10,The New York Times,tackle,2
2022-10,The New York Times,tackle humanity,2
2022-10,The New York Times,tackle humanity pressing,2
2022-10,Fox News,new,13
2022-10,Fox News,new york times,9
2022-10,Fox News,new york,9
2022-10,Fox News,times,9
2022-10,Fox News,york times,9
2022-10,Fox News,york,9
2022-10,Fox News,activists,6
2022-10,Fox News,fox,5
2022-10,Fox News,national,5
2022-10,Fox News,blame,4
2022-10,Fox News,office,4
2022-10,Fox News,oil,4
2022-10,Fox News,wisconsin,4
2022-10,Fox News,administration,4
2022-10,Fox News,washington,4
2022-11,The New York Times,countries,13
2022-11,The New York Times,nations,8
2022-11,The New York Times,leaders,7
2022-11,The New York Times,united,7
2022-11,The New York Times,world,7
2022-11,The New York Times,cop,7
2022-11,The New York Times,new,7
2022-11,The New York Times,talks,6
2022-11,The New York Times,states,6
2022-11,The New York Times,united states,6
2022-11,The New York Times,damage,5
2022-11,The New York Times,president,5
2022-11,The New York Times,developing,5
2022-11,The New York Times,summit,5
2022-11,The New York Times,loss damage,4
2022-11,Fox News,cop,15
2022-11,Fox News,nations,13
2022-11,Fox News,conference,10
2022-11,Fox News,egypt,9
2022-11,Fox News,poor,8
2022-11,Fox News,united,8
2022-11,Fox News,poor nations,8
2022-11,Fox News,summit,7
2022-11,Fox News,activist,7
2022-11,Fox News,activists,7
2022-11,Fox News,president,6
2022-11,Fox News,biden,6
2022-11,Fox News,cop conference,6
2022-11,Fox News,house,6
2022-11,Fox News,emissions,5
2022-12,The New York Times,new,7
2022-12,The New York Times,united states,5
2022-12,The New York Times,states,5
2022-12,The New York Times,scientists,5
2022-12,The New York Times,united,5
2022-12,The New York Times,huge,3
2022-12,The New York Times,researchers,3
2022-12,The New York Times,activists,2
2022-12,The New York Times,risks,2
2022-12,The New York Times,nations,2
2022-12,The New York Times,legal,2
2022-12,The New York Times,law,2
2022-12,The New York Times,freeze,2
2022-12,The New York Times,game,2
2022-12,The New York Times,wind,2
2022-12,Fox News,new,4
2022-12,Fox News,leaving digital,2
2022-12,Fox News,outlet,2
2022-12,Fox News,curb,2
2022-12,Fox News,outlet citing overdependence,2
2022-12,Fox News,harry,2
2022-12,Fox News,outlet citing,2
2022-12,Fox News,semafor,2
2022-12,Fox News,semafor announced,2
2022-12,Fox News,semafor announced leaving,2
2022-12,Fox News,house,2
2022-12,Fox News,chevron,2
2022-12,Fox News,spindle,2
2022-12,Fox News,spindle editor,2
2022-12,Fox News,spindle editor recentlylaunched,2
